{
  "model_id": "EleutherAI/pythia-1b",
  "mode": "suppress",
  "alpha": 1.0,
  "seed": 2,
  "steps": 3000,
  "lr": 1e-05,
  "baseline_scb": {
    "n_col": 11,
    "max_lambda_ratio": 682.5704345703125,
    "min_pr": 1.0194313526153564,
    "all_pr": [
      26.372705459594727,
      28.79509735107422,
      30.377227783203125,
      1.0280295610427856,
      1.0212666988372803,
      1.0194313526153564,
      1.0196527242660522,
      1.0200865268707275,
      1.0197926759719849,
      1.0226185321807861,
      1.0243545770645142,
      1.03437077999115,
      1.0466407537460327,
      1.0724292993545532,
      1.191359043121338,
      16.0664119720459
    ]
  },
  "final_scb": {
    "n_col": 0,
    "max_lambda_ratio": 2.662405014038086,
    "min_pr": 25.17069435119629,
    "all_pr": [
      25.17069435119629,
      26.750614166259766,
      29.99820327758789,
      39.29636764526367,
      39.28562545776367,
      38.20814895629883,
      37.95952606201172,
      37.21434783935547,
      37.64384841918945,
      37.61530685424805,
      38.11085891723633,
      33.15023422241211,
      27.27105712890625,
      26.398635864257812,
      28.820505142211914,
      37.12064743041992
    ]
  },
  "lm_loss_mean_first50": 2.5298888301849365,
  "lm_loss_mean_last50": 0.017462063615676017,
  "spec_penalty_first50": 0.9774217343330384,
  "spec_penalty_last50": 0.02167287830263376,
  "delta_n_col": -11,
  "delta_lambda_ratio": -679.9080295562744
}