{
  "model_id": "EleutherAI/pythia-1b",
  "mode": "suppress",
  "alpha": 1.0,
  "seed": 5,
  "steps": 3000,
  "lr": 1e-05,
  "baseline_scb": {
    "n_col": 11,
    "max_lambda_ratio": 682.5704345703125,
    "min_pr": 1.0194313526153564,
    "all_pr": [
      26.372705459594727,
      28.79509735107422,
      30.377227783203125,
      1.0280295610427856,
      1.0212666988372803,
      1.0194313526153564,
      1.0196527242660522,
      1.0200865268707275,
      1.0197926759719849,
      1.0226185321807861,
      1.0243545770645142,
      1.03437077999115,
      1.0466407537460327,
      1.0724292993545532,
      1.191359043121338,
      16.0664119720459
    ]
  },
  "final_scb": {
    "n_col": 0,
    "max_lambda_ratio": 2.304204225540161,
    "min_pr": 25.524280548095703,
    "all_pr": [
      25.524280548095703,
      27.370695114135742,
      29.007089614868164,
      39.39409637451172,
      39.61057662963867,
      38.651573181152344,
      38.42725372314453,
      37.10548782348633,
      37.37297439575195,
      37.21331787109375,
      38.09505081176758,
      34.01767349243164,
      29.38555335998535,
      27.712669372558594,
      28.58136749267578,
      35.388153076171875
    ]
  },
  "lm_loss_mean_first50": 2.6200640654563903,
  "lm_loss_mean_last50": 0.015170032705646009,
  "spec_penalty_first50": 0.9757903480529785,
  "spec_penalty_last50": 0.015804088767617942,
  "delta_n_col": -11,
  "delta_lambda_ratio": -680.2662303447723
}