{
  "model_id": "EleutherAI/pythia-1b",
  "mode": "suppress",
  "alpha": 1.0,
  "seed": 3,
  "steps": 3000,
  "lr": 1e-05,
  "baseline_scb": {
    "n_col": 11,
    "max_lambda_ratio": 682.5704345703125,
    "min_pr": 1.0194313526153564,
    "all_pr": [
      26.372705459594727,
      28.79509735107422,
      30.377227783203125,
      1.0280295610427856,
      1.0212666988372803,
      1.0194313526153564,
      1.0196527242660522,
      1.0200865268707275,
      1.0197926759719849,
      1.0226185321807861,
      1.0243545770645142,
      1.03437077999115,
      1.0466407537460327,
      1.0724292993545532,
      1.191359043121338,
      16.0664119720459
    ]
  },
  "final_scb": {
    "n_col": 0,
    "max_lambda_ratio": 2.3578784465789795,
    "min_pr": 25.128955841064453,
    "all_pr": [
      25.128955841064453,
      27.4859619140625,
      31.94122314453125,
      39.38908004760742,
      39.6157341003418,
      38.14297103881836,
      37.910892486572266,
      36.549095153808594,
      36.74220275878906,
      36.620731353759766,
      37.742713928222656,
      33.45758056640625,
      28.798452377319336,
      26.962108612060547,
      28.33866310119629,
      35.5093879699707
    ]
  },
  "lm_loss_mean_first50": 2.476049737930298,
  "lm_loss_mean_last50": 0.018546240229625255,
  "spec_penalty_first50": 0.9816259586811066,
  "spec_penalty_last50": 0.016817420609295367,
  "delta_n_col": -11,
  "delta_lambda_ratio": -680.2125561237335
}