{
  "model_id": "EleutherAI/pythia-1b",
  "mode": "suppress",
  "alpha": 1.0,
  "seed": 4,
  "steps": 3000,
  "lr": 1e-05,
  "baseline_scb": {
    "n_col": 11,
    "max_lambda_ratio": 682.5704345703125,
    "min_pr": 1.0194313526153564,
    "all_pr": [
      26.372705459594727,
      28.79509735107422,
      30.377227783203125,
      1.0280295610427856,
      1.0212666988372803,
      1.0194313526153564,
      1.0196527242660522,
      1.0200865268707275,
      1.0197926759719849,
      1.0226185321807861,
      1.0243545770645142,
      1.03437077999115,
      1.0466407537460327,
      1.0724292993545532,
      1.191359043121338,
      16.0664119720459
    ]
  },
  "final_scb": {
    "n_col": 0,
    "max_lambda_ratio": 2.411309242248535,
    "min_pr": 25.23821449279785,
    "all_pr": [
      25.23821449279785,
      26.133949279785156,
      29.417797088623047,
      39.054630279541016,
      39.469146728515625,
      37.92073440551758,
      37.943450927734375,
      36.44997787475586,
      36.97194290161133,
      37.153587341308594,
      37.504356384277344,
      32.9810791015625,
      28.39470672607422,
      27.036165237426758,
      28.62342071533203,
      35.91172790527344
    ]
  },
  "lm_loss_mean_first50": 2.6293538284301756,
  "lm_loss_mean_last50": 0.014392305223736912,
  "spec_penalty_first50": 0.9772084522247314,
  "spec_penalty_last50": 0.01639777686446905,
  "delta_n_col": -11,
  "delta_lambda_ratio": -680.159125328064
}