{
  "model_id": "EleutherAI/pythia-1b",
  "mode": "suppress",
  "alpha": 1.0,
  "seed": 1,
  "steps": 3000,
  "lr": 1e-05,
  "baseline_scb": {
    "n_col": 11,
    "max_lambda_ratio": 682.5704345703125,
    "min_pr": 1.0194313526153564,
    "all_pr": [
      26.372705459594727,
      28.79509735107422,
      30.377227783203125,
      1.0280295610427856,
      1.0212666988372803,
      1.0194313526153564,
      1.0196527242660522,
      1.0200865268707275,
      1.0197926759719849,
      1.0226185321807861,
      1.0243545770645142,
      1.03437077999115,
      1.0466407537460327,
      1.0724292993545532,
      1.191359043121338,
      16.0664119720459
    ]
  },
  "final_scb": {
    "n_col": 0,
    "max_lambda_ratio": 2.3451626300811768,
    "min_pr": 25.328811645507812,
    "all_pr": [
      25.328811645507812,
      27.567115783691406,
      29.819177627563477,
      39.378265380859375,
      39.450927734375,
      38.635597229003906,
      38.44050979614258,
      37.62311935424805,
      37.89413833618164,
      37.85575866699219,
      38.38119888305664,
      33.843055725097656,
      27.680883407592773,
      26.509382247924805,
      27.740751266479492,
      36.65068435668945
    ]
  },
  "lm_loss_mean_first50": 2.60614527463913,
  "lm_loss_mean_last50": 0.009865326629951597,
  "spec_penalty_first50": 0.979300113916397,
  "spec_penalty_last50": 0.015810499489307402,
  "delta_n_col": -11,
  "delta_lambda_ratio": -680.2252719402313
}