{
  "model_id": "EleutherAI/pythia-1b",
  "mode": "suppress",
  "alpha": 1.0,
  "seed": 0,
  "steps": 3000,
  "lr": 1e-05,
  "baseline_scb": {
    "n_col": 11,
    "max_lambda_ratio": 682.5704345703125,
    "min_pr": 1.0194313526153564,
    "all_pr": [
      26.372705459594727,
      28.79509735107422,
      30.377227783203125,
      1.0280295610427856,
      1.0212666988372803,
      1.0194313526153564,
      1.0196527242660522,
      1.0200865268707275,
      1.0197926759719849,
      1.0226185321807861,
      1.0243545770645142,
      1.03437077999115,
      1.0466407537460327,
      1.0724292993545532,
      1.191359043121338,
      16.0664119720459
    ]
  },
  "final_scb": {
    "n_col": 0,
    "max_lambda_ratio": 2.341722011566162,
    "min_pr": 25.34525489807129,
    "all_pr": [
      25.34525489807129,
      27.463132858276367,
      32.2273063659668,
      38.98856735229492,
      39.1782112121582,
      38.308013916015625,
      37.72467803955078,
      36.757144927978516,
      37.51616287231445,
      37.34815216064453,
      38.214141845703125,
      33.937252044677734,
      29.81633186340332,
      28.398542404174805,
      29.123455047607422,
      35.388877868652344
    ]
  },
  "lm_loss_mean_first50": 2.7016558408737184,
  "lm_loss_mean_last50": 0.018245017194421963,
  "spec_penalty_first50": 0.9697704601287842,
  "spec_penalty_last50": 0.019788382481783627,
  "delta_n_col": -11,
  "delta_lambda_ratio": -680.2287125587463
}